<annotation>
	<folder>nut_value_dataset</folder>
	<filename>Screenshot 2023-12-18 171920.jpg</filename>
	<path>C:\Users\KEERTHI KRISHANA\OneDrive\Documents\nut_value_dataset\Screenshot 2023-12-18 171920.jpg</path>
	<source>
		<database>Unknown</database>
	</source>
	<size>
		<width>428</width>
		<height>842</height>
		<depth>3</depth>
	</size>
	<segmented>0</segmented>
	<object>
		<name>nut1</name>
		<pose>Unspecified</pose>
		<truncated>0</truncated>
		<difficult>0</difficult>
		<bndbox>
			<xmin>2</xmin>
			<ymin>2</ymin>
			<xmax>426</xmax>
			<ymax>753</ymax>
		</bndbox>
	</object>
</annotation>
